{"batch loss": -27.304922103881836, "_timestamp": 1649163208, "_runtime": 181, "_step": 3779, "loss": -26.63070355070398, "epoch": 19, "_wandb": {"runtime": 176}}