{"batch loss": -281.0611572265625, "_timestamp": 1649163017, "_runtime": 187, "_step": 3779, "loss": -274.3555479658411, "epoch": 19, "_wandb": {"runtime": 185}}