{"batch loss": -19488.0078125, "_timestamp": 1649163537, "_runtime": 318, "_step": 5669, "loss": -19188.955441738697, "epoch": 29, "_wandb": {"runtime": 316}}