{"batch loss": -430.0046691894531, "_timestamp": 1649164005, "_runtime": 214, "_step": 5669, "loss": -423.57185087812707, "epoch": 29, "_wandb": {"runtime": 211}}