{"batch loss": -4285.61865234375, "_timestamp": 1649163781, "_runtime": 236, "_step": 5669, "loss": -4220.079600232712, "epoch": 29, "_wandb": {"runtime": 232}}